Tags,Open,Agreeable,Emotional,Conscientious,Extraverted
"fun,pixar",1,1,1,1,0
"fantasy,game,magic board game,Robin Williams",1,1,1,1,1
"moldy,old",1,1,1,1,0
"pregnancy,remake",1,1,1,1,1
remake,1,1,1,1,1
"politics,president",1,1,1,1,0
"politics,president",1,1,1,1,1
Mafia,1,1,1,1,1
Jane Austen,1,1,1,1,1
Hollywood,1,1,1,1,1
serial killer,1,1,1,1,1
alcoholism,1,1,1,1,1
Shakespeare,1,1,1,1,1
"In Netflix queue,Jane Austen",1,1,1,1,1
kidnapping,1,1,1,1,0
"high school,teacher",1,1,1,1,0
"Brad Pitt,Bruce Willis,mindfuck,Post apocalyptic,post-apocalyptic,remake,time travel,twist ending",1,1,1,1,0
"Animal movie,pigs,villain nonexistent or not needed for good story",1,1,1,1,0
"death penalty,Nun",1,1,1,1,1
twins,1,1,1,1,0
"chick flick,Emma,funny,Jane Austen,Paul Rudd,quotable,seen more than once",1,1,1,1,1
"In Netflix queue,South Africa",1,0,1,1,1
Shakespeare,1,1,1,1,1
England,1,1,1,1,1
Journalism,1,1,1,1,0
wedding,1,1,1,1,1
"mystery,serial killer,twist ending",1,1,1,1,0
"heist,mindfuck,suspense,thriller,tricky,twist ending",1,1,1,1,0
"adoption,prostitution",1,1,1,1,1
writing,1,1,1,1,1
music,1,1,1,1,0
Jekyll and Hyde,1,0,1,1,0
theater,1,1,1,1,0
"crime,off-beat comedy,quirky",1,1,1,1,0
"Adam Sandler,golf,test tag",1,1,1,1,0
muppets,1,1,1,1,0
"beautiful scenery,epic,historical,inspirational,Medieval,mel gibson,Oscar (Best Cinematography),revenge,Scotland,sword fight",1,1,1,1,1
assassination,1,1,1,1,0
Holocaust,1,1,1,1,1
dating,1,1,1,1,1
journalism,1,1,1,1,0
"addiction,heroin,Leonardo DiCaprio,Mark Wahlberg",1,1,1,1,1
"moon,NASA,space",1,1,1,1,0
superhero,1,1,1,1,0
Michael Crichton,1,1,1,1,0
submarine,1,1,1,1,0
In Netflix queue,1,1,1,1,0
"controversial,New York City,Nudity (Full Frontal)",1,1,1,1,1
computers,1,1,1,1,1
Made me cry,1,1,1,1,1
generation X,1,1,1,1,1
"Adam Sandler,school,stop looking at me swan",1,1,1,1,1
Ireland,1,1,1,1,1
"cynical,generation X,hilarious,independent film,quirky,witty",1,1,1,1,0
"mental illness,psychology",1,1,1,1,1
Stephen King,1,1,1,1,1
In Netflix queue,1,1,1,1,1
movie business,1,1,1,1,0
"basketball,France,infertility",1,1,1,1,0
basketball,1,1,1,1,0
Australia,1,1,1,1,1
Beethoven,1,1,1,1,1
Einstein,1,1,1,1,1
court,1,1,1,1,1
"action,classic,classic sci-fi,darth vader,engrossing adventure,EPIC,great soundtrack,luke skywalker,Nerd,oldie but goodie,ROBOTS AND ANDROIDS,sci-fi,space,space action,space adventure,space epic,space opera,Star Wars",1,1,1,1,0
Louisa May Alcott,1,1,1,1,1
"England,Girl Power,India",1,1,1,1,0
"England,mental illness",1,1,1,1,1
gothic,1,1,1,1,1
Christmas,1,1,1,1,0
In Netflix queue,1,1,1,1,1
prison,1,1,1,1,0
"disability,twins",1,1,1,1,0
"brutality,controversial,dark comedy,psychedelic,satire,stylized",1,1,1,1,1
In Netflix queue,1,1,1,1,0
"Action,assassin,assassination,assassins,awkward romance,corruption,crime,disturbing,drama,French,friendship,Gary Oldman,great acting,Guns,hit men,hitman,humorous,imdb top 250,Jean Reno,Lolita theme,loneliness,love story,Luc Besson,Natalie Portman,organized crime,police,police corruption,quirky,sniper,tense,touching,unique",1,1,1,1,0
"1990s,achronological,action,action packed,aggressive,amazing,amazing dialogues,anthology,assassin,atmospheric,AWESOME,bad ass,bad language,bad-ass,bible,biblical references,big boys with guns,big name actors,Black comedy,black humor,black humour,blood,blood splatters,bloody,bruce willis,brutality,casual violence,character development,characters,classic,classic movie,coke,comedy,conversation,cool,cool style,crime,crime scene scrubbing,cult,cult classic,cult film,dance,dancing,dark,dark comedy,dark humor,dialogue,different,diner,disjointed timeline,disturbing,drama,drug overdose,drugs,drugs & music,ensemble cast,entertaining,entirely dialogue,episodic,exciting,fast paced,fast-paced,film noir,film-noir,foul language,fun,funny,gangster,gangsters,genius,golden watch,good dialogue,good music,gore,great acting,great dialogue,great soundtrack,gritty,guns,Harvey Keitel,heroin,Highly quotable,hit men,hitman,homosexuality,humour,iconic,imdb top 250,innovative,intellectual,intelligent,intense,interesting,intertwining storylines,interwoven storylines,ironic,irony,John Travolta,killer-as-protagonist,los angeles,Mafia,masterpiece,meaningless violence,milkshake,mobster,mobsters,monologue,motherfucker,multiple stories,multiple storylines,neo-noir,noir,non-linear,non-linear timeline,nonlinear,nonlinear narrative,nonlinear storyline,nonlinear timeline,notable soundtrack,offensive,organised crime,organized crime,original,original plot,out of order,Palme d'Or,parody,philosophical,pop culture references,psychological,pulp,Quentin Tarantino,quirky,Quotable,r:disturbing violent content including rape,r:disturbing violent images,r:graphic sexuality,r:some violence,r:strong bloody violence,r:strong language,r:sustained strong stylized violence,r:violence,random,rape,retro,Roger Avary,royal with cheese,Samuel L. Jackson,sarcasm,satire,sexy,smart writing,sophisticated,soundtrack,splatter,Steve Buscemi,storytelling,stylish,stylized,suspense,Tarantino,thought-provoking,thriller,travolta,twist ending,Uma Thurman,unique,unpredictable,unusual,very funny,violence,violent,witty",1,1,1,1,0
TV,1,1,1,1,1
Death,1,1,1,1,1
"cynical,marriage",1,1,1,1,1
time travel,1,1,1,1,0
Christmas,1,1,1,1,0
"Morgan Freeman,prison,Stephen King,wrongful imprisonment",1,1,1,1,0
In Netflix queue,1,1,1,1,0
Enterprise,1,1,1,1,0
mental illness,1,1,1,1,0
serial killer,1,1,1,1,0
coma,1,1,1,1,0
"Australia,weddings",1,1,1,1,1
"cross dressing,men in drag,remade",1,1,1,1,1
Tom Clancy,1,1,1,1,0
John Grisham,1,1,1,1,0
interracial romance,1,1,1,1,1
"bittersweet,bubba gump shrimp,emotional,heartwarming,lieutenant dan,shrimp,stupid is as stupid does,touching,Vietnam",1,1,1,1,0
wedding,1,1,1,1,0
gambling,1,1,1,1,1
"Holocaust,In Netflix queue",1,1,1,1,0
"Disney,Disney animated feature,Oscar (Best Music - Original Score),soundtrack",1,1,1,1,1
journalism,1,1,1,1,1
bus,1,1,1,1,1
spies,1,1,1,1,1
alcoholism,1,1,1,1,1
"black comedy,Christina Ricci,Christopher Lloyd,dark comedy,family,gothic",1,1,1,1,0
Edith Wharton,1,1,1,1,1
Comedy,1,1,1,1,0
horses,1,1,1,1,1
"mental illness,Oscar (Best Actress)",1,1,1,1,1
"Al Pacino,gangster,mafia",1,1,1,1,1
President,1,1,1,1,0
John Grisham,1,1,1,1,1
based on a TV show,1,1,1,1,0
hula hoop,1,1,1,1,0
assassination,1,1,1,1,0
Ireland,1,1,1,1,1
biopic,1,1,1,1,1
Dinosaur,1,1,1,1,0
"Japan,sexuality",1,1,1,1,1
Shakespeare,1,1,1,1,1
"cross dressing,divorce,men in drag",1,1,1,1,1
AIDs,1,1,1,1,1
"radio,show business",1,1,1,0,0
"Butler,Housekeeper",1,1,1,1,1
military,1,1,1,1,0
"Australia,racism,violence",1,1,1,1,1
football,1,1,1,1,0
"based on a true story,biography,disturbing,Holocaust,moving,thought-provoking",1,1,1,1,1
chess,1,1,1,1,0
In Netflix queue,1,1,1,1,0
C.S. Lewis,1,1,1,1,1
large cast,1,1,1,1,0
race,1,1,1,1,1
Empire State Building,1,1,1,1,1
bad,1,0,1,1,1
"androids,artificial intelligence,atmospheric,cyberpunk,dreamlike,existentialism,future,mindfuck,Philip K. Dick,philosophical,robots,sci-fi",1,1,1,1,0
beat poetry,1,1,1,1,1
"Christmas,Halloween",1,1,1,1,0
knights,1,1,1,1,1
politics,1,1,1,1,1
adolescence,1,1,1,1,0
christmas,1,1,1,1,1
overrated,1,1,1,1,0
Disney,1,1,1,1,0
"apocalypse,Arnold Schwarzenegger,nuclear war,robots,sci-fi,Scifi masterpiece,Suspense,time travel",1,1,1,1,0
"American Indians,Native Americans",1,1,1,1,0
superhero,1,1,1,1,0
"disturbing,drama,gothic,Hannibal Lector,psychology,suspense",1,1,1,1,0
Disney,1,1,1,1,1
Disney,1,1,1,1,0
Disney,1,1,1,1,0
prostitution,1,1,1,1,1
"based on a true story,Coen Brothers,dark comedy,KIDNAPPING,Steve Buscemi",1,1,1,1,0
Disney,1,1,1,1,0
"edward norton,priest,psychology,suspense,thought-provoking,twist ending",1,1,1,1,1
babies,1,1,1,1,0
Gulf War,1,1,1,1,1
based on a TV show,1,1,1,1,1
India,1,1,1,1,0
India,1,1,1,1,0
spoof,1,1,1,1,0
Bugs Bunny,1,1,1,1,0
bad,1,1,1,1,0
Veterinarian,1,1,1,1,0
Aardman,1,1,1,1,0
In Netflix queue,1,1,1,1,1
"Alcatraz,Michael Bay,terrorism",1,1,1,1,1
Disaster,1,1,1,1,1
Aardman,1,1,1,1,0
aliens,1,1,1,1,1
"Atomic bomb,black comedy,dark comedy,purity of essence,Quirky,satire,Slim Pickens",1,1,1,1,0
"based on a book,dark comedy,drug abuse,narrated",1,1,1,1,1
aliens,1,1,1,1,0
In Netflix queue,1,1,1,1,0
John Grisham,1,1,1,1,1
based on a TV show,1,1,1,1,0
adultery,1,1,1,1,0
"GIVE ME BACK MY SON!,It was melodramatic and kind of dumb,kidnapping,Mel Gibson",1,1,1,1,0
seen at the cinema,1,1,1,1,1
Jane Austen,1,1,1,1,1
golf,1,1,1,1,0
Mafia,1,1,1,1,1
Shakespeare,1,1,1,1,1
divorce,1,1,1,1,0
movie business,1,1,1,1,0
France,1,1,1,1,1
Capote,1,1,1,1,0
"Alfred Hitchcock,Atmospheric,falling,imdb top 250,James Stewart",1,1,1,1,0
"imdb top 250,James Stewart,mystery,photographer,photography,voyeurism",1,1,1,1,0
Screwball,1,1,1,1,1
Brooch,1,1,1,1,0
divorce,1,1,1,1,1
"Alfred Hitchcock,imdb top 250,Mount Rushmore",1,1,1,1,0
adultery,1,1,1,1,0
men in drag,1,1,1,1,0
heist,1,1,1,1,0
start of a beautiful friendship,1,1,1,1,0
statue,1,1,1,1,0
George Bernard Shaw,1,1,1,1,1
rich guy - poor girl,1,1,1,1,1
"Italy,royalty",1,1,1,1,0
1900s,1,1,1,1,1
"Dorothy,Toto",1,1,1,1,0
Civil War,1,1,1,1,0
television,1,1,1,1,1
"eerie,movie business,movies",1,1,1,1,0
Rosebud,1,1,1,1,0
"aliens,apes,Arthur C. Clarke,artificial intelligence,atmospheric,cinematography,classic,computer,confusing ending,cult film,Dull,future,futuristic,Hal,imdb top 250,masterpiece,meditative,music,mystery,Oscar (Best Effects - Visual Effects),overrated,philosophical,relaxing,revolutionary,robots,sci-fi,setting:space/space ship,slow,slow paced,soundtrack,space,space travel,spacecraft,Stanley Kubrick,superb soundtrack,surreal,technology,tedious,visual,visually appealing",1,1,1,1,0
Hollywood,1,1,1,1,1
divorce,1,1,1,1,1
Mrs. DeWinter,1,1,1,1,1
"Europe,journalism,war",1,1,1,1,0
assassination,1,1,1,1,1
amnesia,1,1,1,1,1
wedding,1,1,1,1,1
"Cold War,Russia",1,1,1,1,1
prostitution,1,1,1,1,1
swashbuckler,1,1,1,1,1
swashbuckler,1,1,1,1,1
ghosts,1,1,1,1,0
Shangri-La,1,1,1,1,0
Astaire and Rogers,1,1,1,1,1
"butler,homeless,screwball",1,1,1,1,0
oil,1,1,1,1,1
Nick and Nora Charles,1,1,1,1,1
Screwball,1,1,1,1,0
race,1,1,1,1,0
Christmas,1,1,1,1,0
Politics,1,1,1,1,0
"leopard,screwball",1,1,1,1,1
adoption,1,1,1,1,1
fugitive,1,1,1,1,1
zombies,1,1,1,1,1
missionary,1,1,1,1,0
crime,1,0,1,1,0
Tennessee Williams,1,1,1,1,1
journalism,1,1,1,1,1
Hemingway,1,1,1,1,1
Animal movie,1,1,1,1,0
Ireland,1,1,1,1,1
food,1,1,1,1,1
"death penalty,John Grisham",1,1,1,1,0
"Disney,race",1,1,1,1,1
twins,1,1,1,1,0
Disney,1,1,1,1,0
"Disney,King Arthur",1,1,1,1,0
"Disney,nanny",1,1,1,1,0
Disney,1,1,1,1,0
Disney,1,1,1,1,0
Disney,1,1,1,1,0
Disney,1,1,1,1,0
Rogers and Hammerstein,1,1,1,1,0
In Netflix queue,1,1,1,1,1
Music,1,1,1,1,1
"Amazing Cinematography,Leonardo DiCaprio,shakespeare,updated classics",1,1,1,1,0
Astaire and Rogers,1,1,1,1,0
anti-Semitism,1,1,1,1,1
governess,1,1,1,1,1
fish,1,1,1,1,1
"Bible,parody,religion",1,1,1,1,0
cross dressing,1,1,1,1,1
politics,1,1,1,1,1
"1920s,gangsters",1,1,1,1,1
"dance,music",1,1,1,1,0
"ensemble cast,heist,humorous,neo-noir,nonlinear,Quentin Tarantino,religion,stylized,Tarantino,violence",1,1,1,1,0
Vietnam,1,1,1,1,0
"1960s,Jim Morrison,music",1,1,1,1,1
Holocaust,1,1,1,1,1
aliens,1,1,1,1,0
"Navy,predictable",1,1,1,1,0
"1950s,adolescence",1,1,1,1,1
Tennessee Williams,1,1,1,1,1
freedom of expression,1,1,1,1,1
aging,1,1,1,1,1
Clousseau,1,1,1,1,1
military,1,1,1,1,0
"british comedy,England,King Arthur,Monty Python",1,1,1,1,0
"boxing,In Netflix queue",1,1,1,1,0
Aardman,1,1,1,1,0
politics,1,1,1,1,0
Italy,1,1,1,1,1
"court,military",1,1,1,1,0
crime,1,1,1,1,0
adultery,1,1,1,1,1
In Netflix queue,1,1,1,1,1
disability,1,1,1,1,1
"Australia,dance",1,1,1,1,1
"In Netflix queue,police",1,1,1,1,0
"emotional,jack nicholson,mental illness",1,1,1,1,1
"classic,George Lucas,Harrison Ford,I am your father,music,original plot,sci-fi,sequel,space,space opera",1,1,1,1,0
"Inigo Montoya,six-fingered man",1,1,1,1,0
"adventure,archaeology,ark of the covenant,indiana jones,Steven Spielberg,treasure hunt",1,1,1,1,0
"action,aliens,horror,sci-fi,space,space craft,SPACE TRAVEL,suspense",1,1,1,1,0
spaghetti western,1,1,1,1,0
"claustrophobic,confrontational,court,earnest,good dialogue,great screenplay,gritty,Motivational,thought-provoking",1,1,1,1,0
Middle East,1,1,1,1,0
brainwashing,1,1,1,1,1
"Harper Lee,racism",1,1,1,1,0
Vietnam,1,1,1,1,0
spaghetti western,1,1,1,1,0
"darth vader,luke skywalker,space opera",1,1,1,1,0
"ferris wheel,Venice,zither",1,1,1,1,0
Mafia,1,1,1,1,0
aliens,1,1,1,1,0
samurai,1,1,1,1,0
"Alfred Hitchcock,black and white,imdb top 250,Norman Bates,psychology,remade,suspenseful,tense",1,1,1,1,1
Saturday Night Live,1,1,1,1,0
"Al Pacino,Mafia",1,1,1,1,1
"anti-war,Vietnam",1,1,1,1,0
moon,1,1,1,1,0
Shakespeare,1,1,1,1,1
"Mozart,Salieri",1,1,1,1,0
boxing,1,1,1,1,0
New York,1,1,1,1,0
"NASA,space",1,1,1,1,0
submarine,1,1,1,1,0
The Entertainer,1,1,1,1,0
May-December romance,1,1,1,1,0
"atmospheric,cerebral,chess,death,existentialism,philosophical,reflective",1,1,1,1,0
"Action,artificial intelligence,robots,Sci-Fi,special effects,tense,time travel",1,1,1,1,0
Civil War,1,1,1,1,0
Shakespeare sort of,1,1,1,1,1
black and white,1,1,1,1,1
Mafia,1,1,1,1,0
"High School,highschool",1,1,1,1,0
Simon and Garfunkel,1,1,1,1,0
hit men,1,1,1,1,0
POW,1,1,1,1,0
incest,1,1,1,1,0
aliens,1,1,1,1,0
Cold,1,1,1,1,0
skiing,1,1,1,1,1
"atmospheric,disturbing,Horror,jack nicholson,masterpiece,psychological,Stanley Kubrick,Stephen King,suspense",1,1,1,1,0
Stephen King,1,1,1,1,0
"atmospheric,chilly,creepy,menacing,mental illness,oninous,serial killer",1,1,1,1,0
POW,1,1,1,1,0
Vietnam,1,1,1,1,0
revenge,1,1,1,1,0
"assassination,brainwashing",1,1,1,1,0
murder,1,1,1,1,0
time travel,1,1,1,1,0
World War II,1,1,1,1,0
"animation,anime,visually stunning",1,1,1,1,0
prison,1,1,1,1,0
In Netflix queue,1,1,1,1,0
spoof,1,1,1,1,0
In Netflix queue,1,1,1,1,0
Nazis,1,1,1,1,1
Disney,1,1,1,1,1
gunfight,1,1,1,1,1
Hammett,1,1,1,1,0
high school,1,1,1,1,0
"heavy metal,mockumentary,music",1,1,1,1,0
"archaeology,Holy Grail",1,1,1,1,0
television,1,1,1,1,0
India,1,1,1,1,1
E. M. Forster,1,1,1,1,1
"Cambodia,Vietnam",1,1,1,1,0
"Shakespeare sort of,space",1,1,1,1,0
baseball,1,1,1,1,0
India,1,1,1,1,0
crime,1,1,1,1,0
New York,1,1,1,1,0
birds,1,1,1,1,0
"horror,Juliette Lewis,Martin Scorsese,remake,Robert De Niro",1,1,1,1,1
lawyer,1,1,1,1,0
"high school,prom,Stephen King",1,1,1,1,0
vampires,1,1,1,1,0
demons,1,1,1,1,0
personals ads,1,1,1,1,1
religion,1,1,1,1,0
Borg,1,1,1,1,0
music,1,1,1,1,1
ex-con,1,1,1,1,0
In Netflix queue,1,1,1,1,0
religion,1,0,1,1,0
Arthur Miller,1,1,1,1,1
"dogs,remake",1,1,1,1,1
Klingons,1,1,1,1,0
Captain Kirk,1,1,1,1,0
whales,1,1,1,1,0
superhero,1,1,1,1,0
high school,1,1,1,1,1
high school,1,1,1,1,1
Shark,1,1,1,1,0
shark,0,0,1,1,0
sports,1,1,1,1,0
Coen Brothers,1,1,1,1,0
spying,1,1,1,1,0
"slasher,spoof",1,1,1,1,0
"Hawkeye,James Fennimore Cooper",1,1,1,1,0
Shakespeare,1,1,1,1,1
Conan,1,1,1,1,0
Andrew Lloyd Weber,1,1,1,1,1
"In Netflix queue,Vietnam",1,1,1,1,0
"mental illness,Not Seen",1,1,1,1,1
In Netflix queue,1,1,1,1,1
mockumentary,1,1,1,1,1
Mafia,1,1,1,1,1
jungle,1,1,1,1,0
lawyer,1,1,1,1,1
Tolstoy,1,1,0,1,1
"hit men,reunion",1,1,1,1,0
reunion,1,1,1,1,0
ballroom dance,1,1,1,1,1
In Netflix queue,1,1,1,1,1
dinosaurs,1,1,1,1,1
death,1,1,1,1,1
"romantic comedy,wedding,weddings",1,1,1,1,1
transplants,1,1,1,1,1
aliens,1,1,1,1,0
military,1,1,1,1,0
president,1,1,1,1,0
Tom Clancy,1,1,1,1,0
Police,1,1,1,1,0
"mindfuck,Mystery,plot twist,psychological,suspense,twist ending",1,1,1,1,1
1970s,1,1,1,1,1
"England,Queen Victoria",1,1,1,1,1
lawyers,1,1,1,1,1
Henry James,1,1,0,1,1
"future,intelligent,thought-provoking",1,1,1,1,0
military,1,1,1,1,0
In Netflix queue,1,1,1,1,1
Amish,1,1,1,1,0
alternate universe,1,1,1,1,1
TV,1,1,1,1,0
Henry James,1,1,1,1,1
"heartwarming,inspirational",1,1,1,1,0
Savannah,1,1,1,1,0
"sequel,slasher,spoof",1,1,1,1,0
"Canada,death",1,1,1,1,0
"romance,shipwreck",1,1,1,1,0
"Kevin Costner,Post apocalyptic",1,1,1,1,0
"black comedy,bowling,classic,Coen Brothers,comedy,crime,Cult classic,cult film,dark comedy,deadpan,drugs,funny,great dialogue,great soundtrack,Highly quotable,imdb top 250,Jeff Bridges,John Goodman,Julianne Moore,kidnapping,marijuana,Nudity (Full Frontal),off-beat comedy,Philip Seymour Hoffman,quirky,ransom,rug,sarcasm,satirical,Steve Buscemi,violence",1,1,1,1,0
Charles Dickens,1,1,1,1,1
amnesia,1,1,1,1,0
1980s,1,1,1,1,0
good,1,1,1,1,1
In Netflix queue,1,1,1,1,0
seen more than once,1,1,1,1,1
politics,1,1,1,1,0
twist ending,1,1,1,1,0
No DVD at Netflix,1,1,1,1,0
In Netflix queue,1,1,1,1,1
In Netflix queue,1,1,1,1,0
generation X,1,1,1,1,0
conspiracy,1,1,1,1,1
heist,1,1,1,1,1
Australia,1,1,1,1,0
"avant-garde romantic comedy,elegiac,melancholy,quirky,wry",1,1,1,1,0
space,1,1,1,1,1
"artsy,atmospheric,cerebral,enigmatic,existentialism,hallucinatory,insanity,mathematics,mental illness,mindfuck,paranoia,paranoid,surreal,tense,visually appealing",1,1,1,1,0
"Ben Stiller,crude humor,goofy",1,1,1,1,1
ships,1,1,1,1,1
alcoholism,1,1,1,1,1
"anti-Semitism,Judaism",1,1,1,1,0
"Huey Long,In Netflix queue,Robert Penn Warren",1,1,1,1,1
"boxing,coulda been a contender",1,1,1,1,0
Gangs,1,1,1,1,0
British,1,1,1,1,0
racism,1,1,1,1,0
Dickens,1,1,1,1,0
prostitution,1,1,1,1,0
"drugs,police",1,1,1,1,0
"boxing,sports",1,1,1,1,0
divorce,1,1,1,1,0
"Olympics,sports",1,1,1,1,0
"adultery,Africa",1,1,1,1,0
China,1,1,1,1,1
autism,1,1,1,1,0
rasicm,1,1,1,1,0
Jason,1,1,1,1,0
Jason,1,1,1,0,0
Jason,1,1,1,1,0
Jason,1,1,1,0,0
Jason,1,1,1,1,0
halloween,1,1,1,1,1
halloween,1,1,1,1,1
ghosts,1,1,1,1,1
ghosts,1,0,1,1,0
ghosts,1,0,0,0,0
demons,1,1,1,1,0
"California,Mexico",1,1,1,1,1
time travel,1,1,1,1,0
samurai,1,1,1,1,0
adultery,1,1,1,1,0
"Bible,Katzanzakis",1,1,1,1,1
"Al Pacino,Andy Garcia,Classic,Francis Ford Coppola,mafia",1,1,1,1,1
World War II,1,1,1,1,0
Disney,1,1,1,1,0
police,1,1,1,1,1
twins,1,1,1,1,0
"General Motors,Michigan",1,1,1,1,1
In Netflix queue,1,1,1,1,1
memory,1,1,1,1,0
music,1,1,1,1,1
"AIDs,In Netflix queue",1,1,1,1,1
"sexuality,suburbia",1,1,1,1,0
Disney,1,1,1,1,0
Disney,1,1,1,1,1
Disney,1,1,1,1,1
"carnival,Ray Bradbury",1,1,1,1,1
mermaid,1,1,1,1,1
weather forecaster,1,1,1,1,1
S.E. Hinton,1,1,1,1,0
archaeology,1,1,1,1,0
"classic,Tolkein",1,1,1,1,1
Stephen King,1,1,1,1,0
Stephen King,1,0,1,1,0
Stephen King,1,0,1,1,1
"black comedy,Christina Ricci,Christopher Lloyd,Family,gothic,quirky",1,1,1,1,0
"atmospheric,beautiful",1,1,1,1,0
mice,1,1,1,1,0
"1980s,high school",1,1,1,1,1
post-college,1,1,1,1,1
"Atmospheric,creepy,demons,paranoia,scary,suspense",1,1,1,1,0
vampires,1,1,1,1,0
"aquarium,Boston,personals ads",1,1,1,1,1
murder,1,1,1,1,0
theater,1,1,1,1,1
"Capone,gangsters",1,1,1,1,0
survival,1,1,1,1,0
small towns,1,1,1,1,0
paranoia,1,1,1,1,0
train,1,1,1,1,0
journalism,1,1,1,1,1
Mafia,1,1,1,1,1
"In Your Eyes,Lloyd Dobbler",1,1,1,1,1
Mafia,1,1,1,1,1
"court,military",1,1,1,1,0
freaks,1,1,1,1,0
Screwball,1,1,1,1,1
SNL,1,1,1,1,0
Broadway,1,1,1,1,0
court,1,1,1,1,0
adolescence,1,1,1,1,1
death penalty,1,1,1,1,1
freaks,1,1,1,1,0
"bittersweet,emotional,Heartwarming,Holocaust,poignant,sentimental,tear jerker,tearjerking",1,1,1,1,1
"edward norton,emotional,politics,racism,thought-provoking",1,1,1,1,1
terrorism,1,1,1,1,1
football,1,1,1,1,0
England,1,1,1,1,1
In Netflix queue,1,1,1,1,1
Pixar,1,1,1,1,1
South America,1,1,1,1,1
In Netflix queue,1,1,1,1,1
"dark comedy,dark humor",1,1,1,1,0
In Netflix queue,1,1,1,1,1
heist,1,1,1,1,1
"cameo:Whoopi Goldberg,space opera,Star Trek",1,1,1,1,0
"Bible,Moses",1,1,1,1,0
England,1,1,1,1,1
boxing,1,1,1,1,0
boxing,1,1,1,1,0
boxing,1,1,1,1,1
martial arts,1,1,1,1,0
martial arts,1,1,1,1,0
martial arts,1,1,1,1,0
christmas,1,1,1,1,0
"e-mail,remake",1,1,1,1,1
"bad,doctors",1,1,1,1,1
In Netflix queue,1,1,1,1,1
kidnapping,1,1,1,1,1
religion,1,1,1,1,0
Australia,1,1,1,1,0
Australia,1,1,1,1,0
food,1,0,1,1,0
"Holocaust,Hungary",1,1,0,1,1
"stapler,workplace",1,1,1,1,0
Nicolas Cage,1,1,1,1,1
disability,1,1,1,1,1
Stephen King,1,1,1,1,1
twist ending,1,1,1,1,0
ghosts,1,1,1,1,1
evil children,1,1,1,1,1
evil children,1,1,1,1,1
Siam,1,1,1,1,0
"alternate universe,martial arts,philosophy,post apocalyptic,sci-fi",1,1,1,1,0
Shakespeare sort of,1,1,1,1,1
"black and white,Christopher Nolan,directorial debut,mindfuck,not linear,Twist Ending",1,1,1,1,1
high school,1,1,1,1,0
southern US,1,1,1,1,1
golfing,1,1,1,1,1
virtual reality,1,1,1,1,0
motherhood,1,1,1,1,1
comic book,1,1,1,1,1
"prequel,the Force",1,1,1,1,0
superhero,1,1,1,1,0
superhero,1,1,1,1,0
superhero,1,1,1,1,1
In Netflix queue,1,1,1,1,0
aliens,1,1,1,1,0
classic,1,1,1,1,0
1950s,1,1,1,1,0
In Netflix queue,1,1,1,1,1
alternate endings,1,1,1,1,0
Star Trek,1,1,1,1,1
Adam Sandler,1,1,1,1,1
spiders,1,1,1,1,1
"adult humor,controversial,crude humor,free speech,parody,satire,south park,Trey Parker",1,1,1,1,0
"best comedy,Chris Klein,dumb,Jason Biggs,not funny,pizza beer,Seann William Scott,teen",1,1,1,1,0
"claims to be true,video",1,1,1,1,0
sexuality,1,1,1,1,0
ghosts,1,1,1,1,0
Ghosts,1,1,1,1,0
remake,1,1,1,1,1
superhero,1,1,1,1,0
heist,1,1,1,1,0
"crucifixion,Rome,slavery",1,1,1,1,0
"emotional,gentle,heartwarming,lyrical,reflective",1,1,1,1,1
"Missionary,Priest",1,1,1,1,0
"nostalgia,radio",1,1,1,1,1
"animation,robots",1,1,1,1,0
"Atmospheric,Bruce Willis,ghosts,I see dead people,imdb top 250,mindfuck,stylized,twist ending",1,1,1,1,0
Stephen King,1,1,0,1,0
"aviation,spoof",1,1,1,1,0
children,1,1,1,1,0
gambling,1,1,1,1,1
lawyers,1,1,1,1,1
Christmas,1,1,1,1,0
aliens,1,1,1,1,0
Beatles,1,1,1,1,1
river,1,1,1,1,0
"England,King Arthur",1,1,1,1,1
In Netflix queue,1,1,1,1,0
prostitution,1,1,1,1,1
High School,1,1,1,1,0
"Academy award (Best Supporting Actress),Indonesia,journalism",1,1,1,1,0
adultery,1,1,1,1,1
gambling,1,1,1,1,1
screwball,1,1,1,1,1
In Netflix queue,1,1,1,1,1
nightclub,1,1,1,1,1
island,1,1,1,1,1
Vietnam,1,1,1,1,1
bad,1,1,1,1,0
gambling,1,1,1,1,0
"family,funny,Macaulay Culkin,sequel",1,1,1,1,0
"action,atmospheric,based on a book,Brad Pitt,challenging,Chuck Palahniuk,classic,clever,complicated,consumerism,crime,dark,dark comedy,David Fincher,disturbing,double life,Edward Norton,fighting,great acting,helena bonham carter,imaginary friend,imdb top 250,mental illness,mind-blowing,mindfuck,narrated,Nudity (Topless),Palahnuik,philosophical,philosophy,postmodern,powerful ending,psychological,psychological thriller,psychology,quirky,satirical,schizophrenia,social commentary,societal criticism,stylized,surreal,TERRORISM,thought-provoking,twist,twist ending,violence,violent",1,1,1,1,0
"brothers,lawn mower",1,1,1,1,0
evil children,1,1,1,1,0
time travel,1,1,1,1,0
live action/animation,1,1,1,1,0
"adventure,anime,atmospheric,fantasy world,Studio Ghibli,surreal",1,1,1,1,0
"tobacco,true story",1,1,1,1,1
In Netflix queue,1,1,1,1,0
dance marathon,1,1,1,1,0
Shakespeare,1,1,1,1,0
samurai,1,1,1,1,0
"class,Dan Aykroyd",1,1,1,1,0
camp,1,1,1,1,1
"memory,music",1,1,1,1,1
"irreverent,jay and silent bob,Kevin Smith,religion,satire",1,1,1,1,0
In Netflix queue,1,1,1,1,1
high school,1,1,1,1,0
New York,1,1,1,1,1
"In Netflix queue,Up series",1,1,1,1,0
Ichabod Crane,1,1,1,1,0
"christmas,new york",1,1,1,1,0
"depression,dust bowl",1,1,1,1,0
remade,1,1,1,1,0
"baseball,sports",1,1,1,1,0
adultery,1,1,1,1,1
homeless,1,1,1,1,0
racism,1,1,1,1,1
"animation,Disney,funny,original,Pixar,sequel,Tom Hanks",1,1,1,1,0
men in drag,1,1,1,1,1
Graham Greene,1,1,1,1,0
"downbeat,poignant",1,1,1,1,1
fatherhood,1,1,1,1,1
Stephen King,1,1,1,1,1
black-and-white,1,1,1,1,1
L.A.,1,1,1,1,0
Andy Kaufman,1,1,1,1,1
spoof,1,1,1,1,0
"based on a book,creepy,disturbing,Europe,Jude Law,murder,obsession,psychology,secrets,serial killer,suspense",1,1,1,1,1
boxing,1,1,1,1,1
Shakespeare,1,1,1,1,1
"asylum,based on a true story,Brittany Murphy,Mental Hospital,psychology,winona ryder",1,1,1,1,1
In Netflix queue,1,0,1,1,1
high school,1,1,1,1,0
"a dingo ate my baby,Australia",1,1,1,1,1
nuns,1,1,1,1,0
In Netflix queue,1,1,1,1,1
plastic surgery,1,1,1,1,0
Ireland,1,1,1,1,1
E.M. Forster,1,1,1,1,1
basketball,1,1,1,1,0
"gun fu,heroic bloodshed",1,1,1,1,1
"black comedy,crazy,dark,dark comedy,dark humor,serial killer",1,1,1,1,1
figure skating,1,1,1,1,0
"slasher,spoof",1,1,1,1,0
sexuality,1,1,1,1,1
"big top,circus",1,1,1,1,1
blind,1,1,1,1,1
orphans,1,1,1,1,0
writing,1,1,1,1,1
"adolescence,sexuality",1,1,1,1,1
In Netflix queue,1,1,1,1,1
remade,1,1,1,1,1
basketball,1,1,1,1,0
subway,1,1,1,1,0
Peace Corp,1,1,1,1,0
"politics,president",1,1,1,1,1
"scandal,true story",1,1,1,1,1
lawyers,1,1,1,1,1
"college,TOGA",1,1,1,1,0
"great cinematography,racism",1,1,1,1,1
aardman,1,1,1,1,0
Insurance,1,1,1,1,1
Pearl S Buck,1,1,1,1,1
"Hepburn and Tracy,interracial marriage,prejudice,racism",1,1,1,1,0
In Netflix queue,1,1,1,1,0
island,1,1,1,1,0
factory,1,1,1,1,1
pool,1,1,1,1,0
"court,evolution,religion",1,1,1,1,0
class,1,1,1,1,1
"music,Nick Hornby",1,1,1,1,1
Peter Pan,1,1,1,1,1
In Netflix queue,1,1,1,1,0
"claustrophobic,horror,scary,stephen king,suspenseful,tense,thriller",1,1,1,1,0
death,1,1,1,1,0
journalism,1,1,1,1,1
In Netflix queue,1,1,1,1,1
transplants,1,1,1,1,1
alternate endings,1,1,1,1,1
families,1,1,1,1,1
"aliens,Arnold Schwarzenegger,dialogue,guns,Jesse Ventura,macho,sci-fi,scifi cult",1,1,1,1,0
psychiatrist,1,1,1,1,1
"priest,rabbi",1,1,1,1,1
show business,1,1,1,1,1
1920s,1,1,1,1,1
Gambling,1,1,1,1,1
golf,1,1,1,1,0
"1970s,sofia coppola,suicide",1,1,1,1,0
In Netflix queue,1,1,1,1,0
"business,religion",1,1,1,1,0
"ancient Rome,Epic,history,imdb top 250,revenge,Romans,Rome,Russell Crowe",1,1,1,1,0
Pee Wee Herman,1,1,1,1,0
mining,1,1,1,1,1
"dark humor,easygoing,silly",1,1,1,1,0
Christmas,1,1,1,1,1
"art house,Atmospheric,creepy,cryptic,dark,disturbing,dreamlike,enigmatic,fucked up,gruesome,hallucinatory,In Netflix queue,Insane,paranoid,strange,surreal,weird",1,1,1,1,0
Coen Brothers,1,1,1,1,1
television,1,1,1,1,1
Shakespeare,1,1,1,1,0
Vietnam,1,1,1,1,1
spying,1,1,1,1,0
police,1,1,1,1,0
"action,comic book,hugh jackman,marvel,superhero",1,1,1,1,0
court,1,1,1,1,1
court,1,1,1,1,0
missing children,1,1,1,1,1
diabetes,1,1,1,1,1
disability,1,1,1,1,1
"In Netflix queue,televangelist",1,1,1,1,1
superhero,1,1,1,1,0
"journalism,music,Rolling Stone",1,1,1,1,0
"blindness,factory",1,1,1,1,0
"Dogs,satire",1,1,1,1,1
invisibility,1,1,1,1,1
"comedy,Robert De Niro",1,1,1,1,1
"depressing,drug abuse,psychology",1,1,1,1,0
In Netflix queue,1,1,1,1,1
ballet,1,1,1,1,0
family,1,1,1,1,1
Dr. Seuss,1,1,1,1,1
"atmospheric,comics,father-son relationship,mindfuck,somber,superhero,unique",1,1,1,1,1
"china,martial arts",1,1,1,1,0
business,1,1,1,1,0
stand-up comedy,1,1,0,0,1
bad,1,1,1,1,1
writing,1,1,1,1,1
Edith Wharton,1,1,1,1,0
pageant,1,1,1,1,0
bluegrass,1,1,1,1,0
movies,1,1,1,1,1
"based on a TV show,drugs",1,1,1,1,0
Quakers,1,1,1,1,1
psychopaths,1,1,1,1,0
zombies,1,1,1,1,0
Tennessee Williams,1,1,1,1,0
In Netflix queue,1,1,1,1,1
demons,1,1,1,1,0
"atmospheric,Beautiful,bittersweet,dreamy,elegant,heartbreaking,intimate,loneliness,long takes,longing,melancholic,melancholy,moody,nocturnal,romantic,Unique,visually appealing,visually stunning",1,1,1,1,1
death penalty,1,1,1,1,1
"homeless,New York",1,1,1,1,1
reality TV,1,1,1,1,1
Eugene O'Neill,1,0,0,1,1
In Netflix queue,1,1,1,1,1
Christmas,1,1,1,1,1
"Bible,religion",1,1,1,1,0
"preacher,religion",1,1,1,1,0
sexuality,1,1,1,1,1
In Netflix queue,1,1,1,1,0
"Hannibal Lecter,serial killer",1,1,1,1,0
von Bulow,1,1,1,1,0
college,1,1,1,1,0
In Netflix queue,1,1,1,1,1
football,1,1,1,1,1
"Ed Harris,Jude Law,Rachel Weisz,sniper,World War II",1,1,1,1,0
"Backwards. memory,cerebral,dark,dreamlike,Mindfuck,mystery,nonlinear,psychological,psychology,twist ending",1,1,1,1,0
spying,1,1,1,1,1
singletons,1,1,1,1,1
Nabokov,1,1,1,1,1
Al Pacino,1,1,1,1,1
alcoholism,1,1,1,1,1
Union,1,1,1,1,1
death,1,1,1,1,1
fairy tales,1,1,1,1,0
In Netflix queue,1,1,1,1,0
"race,rasicm",1,1,1,1,1
Strangers on a Train,1,1,1,1,0
"really bad,Seann William Scott",1,1,1,1,1
Holocaust,1,1,1,1,0
In Netflix queue,1,1,1,1,1
adultery,1,1,1,1,1
men in drag,1,1,1,1,0
"android(s)/cyborg(s),artificial intelligence,Bittersweet,robots,Steven Spielberg",1,1,1,1,0
accident,1,1,1,1,0
race,1,1,1,1,0
In Netflix queue,1,1,1,1,0
sci-fi,1,1,1,1,1
lawyers,1,1,1,1,0
"boring,heist",1,1,1,1,0
"claymation,creativity,dystopia,free to download,imagination,no dialogue,social commentary",1,1,1,1,0
rape,1,1,1,1,0
twins,1,1,1,1,0
circus,1,0,1,1,1
"Africa,immigrants",1,1,1,1,0
New York,1,1,1,1,1
aliens,1,1,1,0,0
hippies,1,1,1,1,1
robots,1,1,1,1,0
"kidnapping,remade",1,1,1,1,0
"""artsy"",atmospheric,gritty,hallucinatory,surreal,visually stunning",1,1,1,1,0
twins,1,1,1,1,1
time travel,1,1,1,1,0
doctors,1,1,1,1,0
reciprocal spectator,1,1,1,1,1
babies,1,1,1,1,1
baseball,1,1,1,1,0
dinosaurs,1,1,1,1,1
"Hollywood,movie business",1,1,1,1,0
adolescence,1,1,1,1,0
dogs,1,1,1,1,0
television,1,1,1,1,0
In Netflix queue,1,1,1,1,1
reciprocal spectator,1,1,1,1,1
"mental hospital,psychology,suspense,Well Done",1,1,1,1,0
prodigies,1,1,1,1,1
family,1,1,1,1,1
remake,1,1,1,0,0
"Nuclear disaster,union",1,1,1,1,1
"NASA,space",1,1,1,1,1
"ben stiller,comedy,David Bowie,goofy,mindless one liners,Will Ferrell",1,1,1,1,0
wedding,1,1,1,1,1
Loretta Lynn,1,1,1,1,1
"Judaism,Tradition!",1,1,1,1,0
"aliens,psychiatrist",1,1,1,1,1
"atmospheric,cerebral,cult film,dreamlike,enigmatic,hallucinatory,jake gyllenhaal,mental illness,mindfuck,philosophy,psychological,psychology,quirky,social commentary,surreal,teen,thought-provoking,time travel,weird",1,1,1,1,0
Coen Brothers,1,1,1,1,1
"alan rickman,Everything you want is here,harry potter,humorous,Magic,Wizards",1,1,1,1,1
ghosts,1,1,1,1,0
psychology,1,1,1,1,1
heist,1,1,1,1,1
In Netflix queue,1,1,1,1,1
"nightclub,singers",1,1,1,1,0
whimsical,1,1,1,1,0
new york,1,1,1,1,0
time travel,1,1,1,1,0
"fantasy,high fantasy,Magic,mythology,Tolkein,tolkien,wizards",1,1,1,1,0
mathematics,1,1,1,1,0
racism,1,1,1,1,0
"Agatha Christie,court",1,1,1,1,0
"cross dressing,Judaism",1,1,0,1,0
race,1,1,1,1,1
Ghost,1,1,1,1,1
"Dumas,remake,revenge",1,1,1,1,1
irreverent,1,1,1,1,1
movie business,1,1,1,1,1
In Netflix queue,1,1,1,1,1
India,1,1,1,1,1
baseball,1,1,1,1,1
religion,1,0,1,1,0
In Netflix queue,1,1,1,1,0
In Netflix queue,1,1,1,1,1
"Great movie,Wesley Snipes",1,1,1,1,1
crime,1,1,1,1,0
"black and white,In Netflix queue,samurai",1,1,1,1,0
religion,1,1,1,1,0
In Netflix queue,1,1,1,1,1
World War II,1,1,1,1,1
superhero,1,1,1,1,0
blind,1,1,1,1,0
Nick Hornby,1,1,1,1,1
"anti-Semitism,Judaism",1,1,1,1,0
"Al Pacino,atmospheric,Hilary Swank,insomnia,Robin Williams,thought-provoking",1,1,1,1,1
boxing,1,1,1,1,1
books,1,1,1,1,1
future,1,1,1,1,0
Australia,1,1,1,1,1
"sisterhood,women",1,1,1,1,1
"disability,mental illness",1,1,1,1,0
"crappy sequel,first was much better,sequel",1,1,1,1,0
"cinematography,Tom Hanks",1,1,1,1,0
Oscar Wilde,1,1,1,1,1
In Netflix queue,1,1,1,1,1
movie business,1,1,1,1,1
In Netflix queue,1,1,1,1,0
aliens,1,1,1,1,1
"adultery,younger men",1,1,1,1,1
"AS Byatt,books",1,1,1,1,1
"photography,psychopaths",1,1,1,1,0
homeless,1,1,1,1,1
adolescence,1,1,1,1,1
Animal movie,1,1,1,1,0
"crime,heist",1,1,1,1,1
anime,1,1,1,1,0
Bible,1,1,1,1,1
Hannibal Lecter,1,1,1,1,1
bombs,1,1,1,1,1
"baseball,Lou Gehrig",1,1,1,1,0
violence in america,1,1,1,1,0
"anger,awkward,bittersweet,hallucinatory,pudding,quirky,sad,surreal,symbolism,tense,unconventional,unique,wistful",1,1,1,1,0
Holocaust,1,1,1,1,1
Girl Power,1,1,1,1,1
"beautiful,downbeat,grim,made me cry,orphans,poignant,tear jerker,tragedy,tragic",1,1,1,1,0
70mm,1,1,0,0,1
"In Netflix queue,Judaism",1,1,0,1,1
World War I,1,1,1,1,0
art,1,1,1,1,1
dating,1,1,1,1,1
teenagers,1,1,1,1,1
salute to Douglas Sirk,1,1,1,1,1
"Magic,Wizards",1,1,1,1,0
music business,1,1,1,1,1
short films,1,1,1,1,1
Graham Greene,1,1,1,1,1
coma,1,1,1,1,1
Africa,1,1,1,1,0
"Myth,Tolkein",1,1,1,1,0
"crime,nightclub",1,1,1,1,1
anime,1,1,1,1,0
"cheating,crime,intelligent,Leonardo DiCaprio,lies,smart,Tom Hanks,twists & turns",1,1,1,1,0
"court,jazz,murder",1,1,1,1,0
Dickens,1,1,1,1,1
"holocaust,true story",1,1,1,1,1
"drugs,planes,widows/widowers",1,1,1,1,1
television,1,1,1,1,0
"crime,multiple storylines,not seen,photography,true story,violence",1,1,1,1,1
class,1,0,0,0,1
In Netflix queue,1,1,1,1,1
"motherhood,race",1,1,1,1,1
In Netflix queue,1,1,1,1,0
"sequel,violent",1,1,1,1,1
doll,1,1,0,1,0
"Chile,politics,South America",1,1,1,1,0
spoof,1,1,1,1,0
World War II,1,1,1,1,1
England,1,1,1,1,0
"bad,Ben Affleck",1,1,1,1,0
adolescence,1,1,0,1,0
obsession,1,1,1,1,1
horses,1,1,1,1,1
"blind,blindness,race",1,1,1,1,0
"Civil War,Stephen Crane",1,1,1,1,1
"Day and Hudson,sexuality",1,1,1,1,1
"comedy,Will Ferrell",1,1,1,1,1
"books,Stones of Summer",1,1,1,1,1
mental illness,1,1,1,1,0
England,1,1,1,1,0
"dark,disturbing",1,1,1,1,1
World War II,1,1,1,1,1
soccer,1,1,1,1,0
In Netflix queue,1,1,1,1,1
"animal movie,lions",1,1,1,1,0
"Holocaust,World War II",1,1,1,1,1
immigrants,1,1,1,1,0
television,1,1,1,1,0
In Netflix queue,1,1,1,1,0
screwball,1,1,1,1,1
adolescence,1,1,1,1,1
Big Brothers,1,1,1,0,0
L.A.,1,1,1,1,0
crime,1,1,1,1,1
"amazing artwork,anime,sci-fi",1,1,1,1,0
amnesia,1,1,1,1,1
gangs,1,1,1,1,1
Rob Zombie,1,0,1,1,0
"Depressing,melancholy,prostitution,sad",1,1,1,1,1
mockumentary,1,1,1,1,1
children,1,1,1,1,1
birds,1,1,1,1,0
Ray Bradbury,1,1,1,1,1
lawyers,1,0,1,1,0
John Cusack,1,1,1,1,1
"1970s,movies",1,1,1,1,0
spelling bee,1,1,1,1,0
"Jean Grey,Magneto,Rogue,superhero,Wolverine",1,1,1,1,0
teachers,1,1,1,1,1
gambling,1,1,1,1,1
trains,1,1,1,1,0
art,1,1,1,1,1
anime,1,1,1,1,1
"Ewan McGregor,Renee Zellweger,retro",1,1,1,1,1
movies,1,1,1,1,1
"classic,religion",1,1,1,1,0
"In Netflix queue,They Might Be Giants",1,1,1,1,1
"Disney,fish,heartwarming",1,1,1,1,0
heist,1,1,1,1,1
child abuse,1,1,1,1,0
Girl Power,1,1,1,1,0
Ninotchka remake,1,0,0,0,0
"crime,documentary",1,1,1,1,0
"Olympics,Tokyo",1,1,1,1,0
Civil War,1,1,1,1,1
movie business,1,1,1,1,0
In Netflix queue,1,1,1,1,1
Nazis,1,1,1,1,1
In Netflix queue,1,1,1,1,0
zombies,1,1,1,1,0
fugitive,1,0,1,1,1
In Netflix queue,1,1,1,1,1
"dogs,Eric Bana,mad scientist,marvel",1,1,1,1,1
politics,1,1,0,1,0
swashbuckler,1,1,1,1,1
swashbuckler,1,1,1,1,0
"captain nemo,comic book,gothic,Peta Wilson,Sean Connery,superhero",1,1,1,1,0
Dodie Smith,1,1,1,1,0
flood,1,1,1,1,0
immigration,1,1,1,1,0
"adventure,Angelina Jolie,heroine in tight suit",1,1,1,1,0
horses,1,1,1,1,1
Japan,1,1,1,1,1
religion,1,1,1,1,1
marriage,1,1,1,1,0
Othello,1,1,1,1,1
Bible,1,1,1,1,0
cancer,1,1,1,1,0
road trip,1,1,1,1,1
blindness,1,1,1,1,0
"family,multiple roles,murder",1,1,1,1,0
ballet,1,1,1,1,0
Clousseau,1,1,1,1,1
FBI,1,1,1,1,1
In Netflix queue,1,1,1,1,1
"meditative,philosophical,poignant,purposefulness,terminal illness",1,1,1,1,1
"con men,fatherhood",1,1,1,1,1
vertriloquism,1,1,1,1,0
"atmospheric,Japan",1,1,1,1,0
In Netflix queue,1,1,1,1,0
In Netflix queue,1,1,1,1,1
matchmaker,1,1,1,1,0
vampire,0,0,1,1,0
Animal movie,1,1,1,1,0
religion,1,1,1,1,0
"adultery,terminal illness",1,1,1,1,0
biking,1,1,1,1,0
India,1,1,1,1,1
Lonesome Polecat,1,1,1,1,1
In Netflix queue,1,1,1,1,1
"Deep Throat,journalism,Watergate",1,1,1,1,0
Food,1,1,1,1,1
british comedy,1,1,1,1,0
domestic violence,1,1,1,1,0
"atmospheric,bleak,disturbing,gritty,harsh",1,1,1,1,0
werewolf,1,1,1,1,0
amnesia,1,1,1,1,1
Christmas,1,1,1,1,0
"black and white,Capote,crime,death penalty,murder",1,1,1,1,1
biopic,1,1,1,1,0
school,1,1,1,1,0
trains,1,1,1,1,0
"child abuse,kidnapping",1,1,1,1,0
"martial arts,revenge",1,1,1,1,0
Thanksgiving,1,1,1,1,0
"adolescence,violence in america",1,1,1,1,0
transplants,1,1,1,1,0
India,1,1,1,1,0
journalism,1,1,1,1,1
christmas,1,1,1,1,0
"big wave,surfing",1,1,1,1,1
"remake,wedding",1,1,1,1,1
"music business,rap",1,1,0,1,0
DEPRESSING,1,1,1,1,1
Amish,1,1,1,1,1
Hepburn and Tracy,1,1,1,1,0
Cold War,1,1,1,1,0
religion,1,1,1,1,0
Dickens,1,1,1,1,1
saint,1,1,1,1,0
family,1,1,1,1,1
good and evil,1,1,1,1,1
"court,Scott Turow",1,1,1,1,0
Notable Nudity,1,1,1,1,1
"based on a book,bloody,brutal,controversial,dystopia,goretastic,satire,social commentary,survival,violence",1,1,1,1,0
In Netflix queue,1,1,1,1,1
"bleak,confrontational,disturbing,harsh,haunting,inhumane,thought-provoking",1,1,1,1,1
In Netflix queue,1,1,1,1,1
Astaire and Rogers,1,1,1,1,1
Astaire and Rogers,1,1,1,1,1
Astaire and Rogers,1,1,1,1,1
horses,1,1,1,1,0
terminal illness,1,1,1,1,1
"birds,prison",1,1,1,1,0
"In Netflix queue,Shakespeare",1,1,1,1,0
cattle drive,1,1,1,1,0
In Netflix queue,1,1,1,1,0
Clousseau,1,1,1,1,0
"Bette Davis,Oscar (Best Actress)",1,1,1,1,1
disability,1,1,1,1,1
George Bernard Shaw,1,1,1,1,1
E.M. Forster,1,1,1,1,1
In Netflix queue,1,1,1,1,0
martial arts,1,1,1,1,0
Marx brothers,1,1,1,1,0
Hepburn and Tracy,1,1,1,1,0
"Marx brothers,opera",1,1,1,1,0
immigrants,1,1,1,1,1
In Netflix queue,1,0,0,1,1
"dreamlike,sentimental,surreal,Tim Burton",1,1,1,1,1
"Adventure,ensemble cast,fantasy,fantasy world,great soundtrack,lord of the rings,scenic,stylized,Tolkein,Tolkien",1,1,1,1,0
Vietnam,1,1,1,1,0
real estate,1,1,1,1,0
serial killer,1,1,1,1,0
Civil War,1,1,1,1,0
Charlotte Bronte,1,1,1,1,0
"cross dressing,men in drag",1,1,1,1,1
amnesia,1,1,1,1,1
In Netflix queue,1,1,1,1,1
truckers,1,1,1,1,1
circus,1,1,1,1,1
"alternate reality,sci-fi,science fiction,time travel",1,1,1,1,1
mountain climbing,1,1,1,1,0
adolescence,1,1,1,1,0
"priest,religion",1,1,1,1,1
religion,1,1,1,1,0
Cold War,1,1,1,1,0
"alternate reality,arthouse,artistic,atmospheric,beautiful,bittersweet,colourful,comedy,cult film,dreamlike,emotional,feel-good,happpiness,humane,imagination,insightful,intelligent,jim carrey,love,lovely,melancholy,memory,mind-bending,philosophy,quirky,quirky romantic,romantic,surreal,surrealism,thought-provoking",1,1,1,1,0
Grace,1,1,1,1,1
"adolescence,crime,for katie",1,1,1,1,0
revenge,1,1,1,1,0
comic book,1,1,1,1,0
Holocaust,1,1,1,1,1
Mark Ruffalo,1,1,1,1,0
"clever,High School,lesbian subtext",1,1,1,1,0
World War II,1,0,1,1,0
multiple personalities,1,1,1,1,1
cancer,1,1,1,1,1
"Hepburn and Tracy,marriage",1,1,1,1,1
Rogers and Hammerstein,1,1,1,1,1
"biopic,In Netflix queue",1,1,1,1,1
"blindness,deaf",1,1,1,1,0
Stephen King,1,0,0,1,1
space station,1,1,1,1,0
In Netflix queue,1,1,1,1,1
"Hepburn and Tracy,sports",1,1,1,1,1
sexuality,1,1,1,1,0
King Arthur,1,1,1,1,1
adultery,1,1,1,1,1
In Netflix queue,1,1,1,1,1
MacBeth,1,1,1,1,0
terrorism,1,1,1,1,0
In Netflix queue,1,1,1,1,1
Nick and Nora Charles,1,1,1,1,0
Nick and Nora Charles,1,1,1,1,0
Nick and Nora Charles,1,1,1,1,1
Nick and Nora Charles,1,1,1,1,0
Nick and Nora Charles,1,1,1,1,1
In Netflix queue,1,1,1,1,0
In Netflix queue,1,1,1,1,1
"Amtrak,Homeless,independent,New York,Sundance award winner,Train",1,1,1,1,0
psychology,1,1,1,1,0
austere,1,1,1,1,0
police,1,1,1,1,1
show business,1,1,1,1,1
politics,1,1,1,1,0
In Netflix queue,1,1,1,1,1
remade,1,1,1,1,1
In Netflix queue,1,1,1,1,0
In Netflix queue,1,1,1,1,1
Van Gogh,1,1,1,1,0
swashbuckler,1,1,1,1,0
In Netflix queue,1,1,1,1,1
Not available from Netflix,1,1,1,1,0
In Netflix queue,1,1,1,1,1
Anne Boleyn,1,1,1,1,1
In Netflix queue,1,1,1,1,1
assassination,1,1,1,1,0
heist,1,1,1,1,1
Clock,1,1,1,1,1
Prince,1,1,1,1,0
In Netflix queue,1,0,0,1,0
heartbreaking,1,1,1,1,0
military,1,1,1,1,0
"convent,religion",1,1,1,1,0
Dickens,1,1,1,1,1
ogres,1,1,1,1,0
"pregnancy,religion",1,1,1,1,0
"Magic,Wizards",1,1,1,1,0
high school,1,1,1,1,0
In Netflix queue,1,1,1,1,0
World War II,1,1,1,1,1
deafness,1,1,1,1,0
"food,McDonalds",1,1,1,1,0
post-apocalyptic,1,1,1,1,0
circus,1,1,1,1,1
Ireland,1,1,1,1,0
"memory loss,romance,sad",1,1,1,1,0
"fairy tales,In Netflix queue",1,1,1,1,0
In Netflix queue,1,1,1,1,0
In Netflix queue,1,1,1,1,0
"politics,terrorism",1,1,1,1,1
Doc Ock,1,1,1,1,0
generation X,1,1,1,1,0
"awesome,comedy,hilarious,Steve Carell,stupid,Will Ferrell",1,1,1,1,0
"drugs,immigrants",1,1,1,1,1
court,1,1,1,1,0
Oscar (Best Actress),1,1,1,1,1
In Netflix queue,1,1,1,1,0
"Atmospheric,good soundtrack,M. Night Shyamalan",1,1,1,1,1
psychology,1,1,1,1,1
Rome,1,1,1,1,0
Australia,1,1,1,1,0
Stand Up,1,1,1,1,0
In Netflix queue,1,1,1,1,1
zombies,1,1,1,1,0
"alcoholism,marriage",1,0,1,1,1
"Agatha Christie,Oscar (Best Supporting Actress),train",1,1,1,1,0
disability,1,1,1,1,1
time travel,1,1,1,1,0
Oscar (Best Actress),1,0,1,1,1
"parenthood,psychology",1,1,1,1,0
stage,1,1,1,1,1
wine,1,1,1,1,0
"Christian Bale,creepy,powerful ending,psychology,schizophrenia,twist ending",1,1,1,1,0
abortion,1,1,1,1,1
"brutal,clever,Disturbing,great ending,mindfuck,surprise ending,suspense",1,1,1,1,0
biopic,1,1,1,1,0
"animation,Disney,Samuel L. Jackson,superhero",1,1,1,1,0
Peter Pan,1,1,1,1,0
Hearst,1,0,1,1,0
martial arts,1,1,1,1,0
In Netflix queue,1,1,1,1,0
cruel characters,1,1,1,1,1
journalism,1,1,1,1,1
gold,1,1,1,1,0
"mindfuck,surreal,surrealism",1,1,1,1,1
revenge,1,1,1,1,1
show business,1,0,1,1,1
In Netflix queue,1,1,1,1,1
In Netflix queue,1,1,1,1,1
made me cry,1,1,1,1,1
mirrors,1,1,1,1,0
In Netflix queue,1,1,1,1,1
Not available from Netflix,1,1,1,1,1
In Netflix queue,1,1,1,1,1
donkey,1,1,1,1,1
In Netflix queue,1,1,1,1,1
anime,1,1,1,1,0
"boring,psychedelic,symbolic",1,1,1,1,0
In Netflix queue,1,1,1,1,0
"drugs,lesbian",1,1,1,1,0
"anime,end of the world,epic,mecha,psychology",1,1,1,1,0
"animation,anime,cyberpunk,dark,Matrix,sci-fi",1,1,1,1,0
"dark comedy,Jim Carrey,meryl streep,quirky,stylized",1,1,1,1,0
In Netflix queue,1,1,1,1,0
In Netflix queue,1,1,1,1,1
"bizarre,claustrophobic,depressing,disturbing,hallucinatory,paranoid,surreal,twisted",1,1,1,1,0
"religion,saints",1,1,1,1,0
"Adam Sandler,family,sweet",1,1,1,1,1
"Animal movie,camels",1,1,1,1,0
"British gangster,confusing,daniel craig,Exquisite plotting.,organized crime,stylish,Tom Hardy",1,1,1,1,0
fatherhood,1,1,1,1,0
revenge,1,1,1,1,1
India,1,1,1,1,1
surfing,1,1,1,1,0
boxing,1,1,1,1,1
genocide,1,1,1,1,0
roald dahl,1,1,1,1,0
"heartwarming,off-beat comedy,quirky,trippy,visually appealing,whimsical",1,1,1,1,0
"biopic,Howard Hughes,movie business",1,1,1,1,1
child abuse,1,1,1,1,0
busniess,1,1,1,1,1
"Ben Stiller,Robert De Niro",1,1,1,1,0
Shakespeare,1,1,1,1,1
"Animation,Documentary,Henry Darger",1,1,1,1,0
motherhood,1,1,1,1,1
orphans,1,1,1,1,0
"06 Oscar Nominated Best Movie - Animation,anime,fantasy world,Hayao Miyazaki,In Netflix queue,Studio Ghibli",1,1,1,1,0
marriage,1,1,1,1,1
In Netflix queue,1,1,1,1,0
In Netflix queue,1,1,1,1,1
In Netflix queue,1,1,1,1,1
"birds,parrots",1,1,1,1,0
fatherhood,1,1,1,1,0
cult,1,1,1,1,0
"business,money,scandal",1,1,1,1,0
"David Thewlis,Eva Green,Liam Neeson,Orlando Bloom",1,1,1,1,0
racism,1,1,1,1,1
"space,space opera",1,1,1,1,0
"boksdrama,boxing",1,1,1,1,0
"Chris Evans,comic book,heroine in tight suit,Jessica Alba,sexy female scientist,superhero",1,1,1,1,0
stiller,1,1,1,1,1
hip hop,1,1,1,1,1
Rob Zombie,1,1,1,1,0
pregnancy,1,1,1,1,1
"Firefly,predictable",1,1,1,1,0
In Netflix queue,1,1,1,1,1
In Netflix queue,1,1,1,1,1
pregnancy,1,1,1,1,0
"Animal movie,bears",1,1,1,1,0
"Animal movie,In Netflix queue",1,1,1,1,0
"BEST PICTURE,classic,hilarious,steve carell",1,1,1,1,1
"Africa,business,politics",1,1,1,1,1
mathematics,1,1,1,1,0
wapendrama,1,1,1,1,0
In Netflix queue,1,1,1,1,0
In Netflix queue,1,1,1,1,0
restaurant,1,1,1,1,1
"06 Oscar Nominated Best Movie - Animation,animation,gothic,helena bonham carter,Johnny Depp,Tim Burton,visually appealing",1,1,1,1,1
In Netflix queue,1,1,1,1,0
Dickens,1,1,1,1,0
Truman Capote,1,1,1,1,1
"06 Oscar Nominated Best Movie - Animation,Aardman",1,1,1,1,0
"black comedy,clever,fast-paced dialogue,good dialogue,In Netflix queue,Robert Downey Jr.,witty",1,1,1,1,0
sisters,1,1,1,1,1
divorce,1,1,1,1,1
"courtroom drama,In Netflix queue",1,1,1,1,0
"In Netflix queue,journalism,McCarthy hearings,Morrow",1,1,1,1,1
"Jake Gyllenhaal,Modern war",1,1,1,1,0
depression,1,1,1,1,0
In Netflix queue,1,1,1,1,1
In Netflix queue,1,1,1,1,0
"Magic,Wizards",1,1,1,1,0
Johnny Cash,1,1,1,1,0
transvestite,1,1,1,1,1
C.S. Lewis,1,1,1,1,0
big budget,1,1,1,1,1
In Netflix queue,1,1,1,1,0
In Netflix queue,1,1,1,1,1
love,1,1,1,1,1
brutality,1,1,1,1,1
In Netflix queue,1,0,1,0,1
twist ending,1,1,1,1,1
satire,1,1,1,1,0
"adventure,Audrey Tautou,conspiracy theory,Mystery,Paris,Tom Hanks,treasure hunt",1,1,1,1,1
"Halle Berry,Hugh Jackman",1,1,1,1,1
"bad,disappointing,faerie tale,fairy tale,far fetched,M. Night Shyamalan,Paul Giamatti",1,1,1,1,1
"cinematography,lyrical",1,1,1,1,0
"Brad Pitt,cate blanchett,multiple storylines,social commentary",1,1,1,1,1
"Ben Stiller,Robin Williams",1,1,1,1,0
"emma thompson,Maggie Gyllenhaal,modern fantasy,romance,surreal,Will Ferrell",1,1,1,1,0
"costume drama,Edward Norton,magic,Paul Giamatti",1,1,1,1,1
"atmospheric,bittersweet,visually appealing",1,1,1,1,0
"atmospheric,Jack Nicholson,Leonardo DiCaprio,Martin Scorsese,suspense,twist ending,undercover cop,way too long",1,1,1,1,1
the catholic church is the most corrupt organization in history,1,1,1,1,0
"atmospheric,enigmatic,ummarti2006",1,1,1,1,0
Marion Cotillard,1,1,1,1,0
"Africa,corruption,Jennifer Connelly,justice,Leonardo DiCaprio",1,1,1,1,1
"a clever chef rat,clever,inspirational",1,1,1,1,0
british comedy,1,1,1,1,0
Something for everyone in this one... saw it without and plan on seeing it with kids!,1,1,1,1,1
"Anthony Hopkins,courtroom drama,twist ending",1,1,1,1,1
"HORRIBLE ACTING,interesting",1,1,1,1,0
dreamlike,1,1,1,1,0
"based on a play,conspiracy theory,creepy,Insanity,paranoia,PTSD",1,1,1,1,0
"bad acting,bad jokes,bad plot,Chris Evans,Jessica Alba,Marvel,sexy female scientist",1,1,1,1,0
zombies,1,1,1,1,0
"assassin,assassin-in-training (scene),espionage,Robert Ludlum",1,1,1,1,0
"friendship,high school,Michael Cera,nerds,self discovery,shenanigans,virginity",1,1,1,1,0
Christian Bale,1,1,1,1,0
anime,1,1,1,1,0
"Casey Affleck,great performances,twist",1,1,1,1,0
Favelas,1,1,1,1,1
"corruption,Denzel Washington,mafia,organized crime",1,1,1,1,1
"alone in the world,apocalypse,based on a book,last man on earth,plot holes,Post apocalyptic,post-apocalyptic,religion,vampire",1,1,1,1,1
"Michael Cera,notable soundtrack,pregnancy,teenage pregnancy,witty",1,1,1,1,0
"atmospheric,cerebral,character study,gritty,intense,long shots,morality,visually appealing",1,1,1,1,0
"abstract,dark,psychedelic,surreal",1,1,0,1,0
"black comedy,Colin Farrell,dark comedy,drugs,friendship,irreverent,Ralph Fiennes,stylized",1,1,1,1,0
"Rachel Weisz,Ryan Reynolds",1,1,1,1,0
"heist,robbery,small time criminals",1,1,1,1,0
"dark,dark humor,intelligent,thought-provoking",1,1,1,1,1
"dark,gritty,psychology,superhero",1,1,1,1,0
"jackie chan,kung fu",1,1,1,1,1
movies about movies,1,1,1,1,1
"fantasy,lion,narnia,Tilda Swinton",1,1,1,1,0
"last man on earth,love story,Post apocalyptic,social commentary",1,1,1,1,0
"bad script,Charlize Theron,Will Smith",1,1,1,1,0
"Anne Hathaway,Steve Carell",1,1,1,1,0
enjoyable,1,1,1,1,0
"comedy,funny,Highly quotable,will ferrell",1,1,1,1,1
threesome,1,1,1,1,1
"comedy,James Franco,Seth Rogen,Stoner Movie",1,1,1,1,1
"Brad Pitt,Coen Bros,Coen Brothers,dark comedy,espionage,George Clooney,John Malkovich,satire,twists & turns,weird",1,1,1,1,1
"2D animation,cult film,stylish,surreal",1,1,1,1,0
"Seth Rogen,Sexual Humor",1,1,1,1,0
emotional,1,1,1,1,0
"audience intelligence underestimated,boring,chick flick,overrated,Teen movie",1,1,1,1,1
"childish naivity,friendship",1,1,1,1,1
"claymation,creepy,dark,dark fairy tale,Surreal,Tim Burton",1,1,1,1,0
"joss whedon,Nathan Fillion,Neil Patrick Harris,parody",1,1,1,1,0
"Andy Samberg,bromance,bromantic,comedy,Jaime Pressly,Jason Segel,masculinity,Paul Rudd",1,1,1,1,1
Seth Rogen,1,1,1,1,0
"black comedy,Brad Pitt,Christoph Waltz,Quentin Tarantino,satire",1,1,1,1,1
"2001-like,Sci-fi,solitude",1,1,1,1,0
"bad plot,comic book,hugh jackman,Ryan Reynolds,too many characters",1,1,1,1,1
"future,lack of development,lack of story,quick cuts,sci-fi,Simon Pegg,space,space travel,time travel",1,1,1,1,0
"artificial intelligence,bad acting,bad plot,bad script,Christian Bale,FIGHTING THE SYSTEM,franchise,new composer,post-apocalyptic,robots,sci-fi,sequel",1,1,1,1,0
"Adrien Brody,con artists,funny,interesting characters,Mark Ruffalo,Rachel Weisz",1,1,1,1,0
Recap,1,1,1,1,0
"adventure,Bechdel Test:Fail,bittersweet,cartoon,children,computer animation,divorce,dogs,dreams,emotional,heartbreaking,Pixar,touching",1,1,1,1,0
"casino,comedy,funny,hotel,Las Vegas",1,1,1,1,1
war,1,1,1,1,0
"bad plot,Michael Bay,needed more autobots,plot holes,ridiculous,Shia LaBeouf,stop using useless characters for filler",1,1,1,1,1
"artistic,Funny,humorous,inspiring,intelligent,quirky,romance,Zooey Deschanel",1,1,1,1,0
intelligent sci-fi,1,1,1,1,0
Narrative pisstake,1,1,1,0,1
"Bill Murray,dark comedy,Emma Stone,funny,Jesse Eisenberg,Woody Harrelson",1,1,1,1,0
"bittersweet,black comedy,character study,dark comedy,friendship,loneliness,mental illness,philosophical,poignant,quirky,sad,sweet,touching",1,1,1,1,1
bad humor,1,0,1,1,1
"bad science,beautiful scenery,futuristic,graphic design,James Cameron,military,music,politics,poor dialogue,romance,sci-fi,superficial plot,thought-provoking,too long,unoriginal,visually stunning,white guilt",1,1,1,1,1
"insanity,Leonardo DiCaprio,Martin Scorsese,plot twist,psychological,Psychological Thriller,thought-provoking",1,1,1,1,0
"surreal,whimsical",1,1,1,1,0
"action,alternate reality,big budget,cerebral,clever,complicated,dead wife,dreamlike,great soundtrack,heist,intellectual,Leonardo DiCaprio,mindfuck,philosophy,psychological,psychology,sci-fi,surreal,suspense,thought-provoking,visually appealing",1,1,1,1,1
"geeky,Michael Cera,stylized,video games",1,1,1,1,0
"good dialogue,loneliness,witty",1,1,1,1,0
"crime,FBI,romance,too much love interest",1,1,1,1,0
"adventure,animation,fantasy",1,1,1,0,1
"business,corruption,economics,investor corruption,politics,truth",1,1,1,1,1
american idolatry,1,1,1,1,0
stranded,1,1,1,1,0
"alter ego,atmospheric,creepy,horror,obsession,surreal",1,1,1,1,1
male nudity,1,1,1,1,0
"atmospheric,Coen Brothers,Jeff Bridges,Matt Damon,predictable",1,1,1,1,0
"action choreography,Horrid characterisation,Poor plot development,sequel,soundtrack",1,1,1,1,0
black comedy,1,1,1,1,0
Comedy,1,1,1,1,0
"audience intelligence underestimated,CGI,cheesy,comic book,DC,DC Comics,Ryan Reynolds,space,superhero",1,1,1,1,1
"britpop,indie record label,music",1,0,1,1,0
"comedy,funny,happy ending,HOT actress,Justin Timberlake,Mila Kunis,New York City,romance,sex",1,1,1,1,1
"Captain America,fun,great humor,silly,superhero,superhero team,visually appealing",1,1,1,1,0
"Boxing story,MMA,Tom Hardy",1,1,1,1,1
"bank,big corporations,business,corruption,financial crisis,Kevin Spacey,realistic,suspense,Wall Street",1,1,1,1,0
"celebrity fetishism,mediacentralism,system holism",1,1,1,1,0
ending,1,1,1,1,1
"Anne Hathaway,Christian Bale,Christopher Nolan,comic book,great ending,Morgan Freeman,political commentary,superhero",1,1,1,1,1
"emotional,sexuality",1,1,1,1,1
quirky,1,1,1,1,0
interesting scenario,1,1,1,1,0
crude humor,1,1,1,1,1
"Beautiful,emotional,poetic",1,1,1,1,1
"beautiful cinematography,beautifully filmed,cinematography",1,1,1,1,0
"city politics,italy,political right versus left",1,1,1,1,1
"Istanbul,Liam Neeson,predictable,Turkey,unnecessary sequel",1,1,1,1,1
"cia,politics,Thrilling",1,1,1,1,1
"cinematography,India,surreal",1,1,1,1,1
"Action,Myth",1,1,1,1,0
"Afghanistan,American propaganda,assassination,military,terrorism",1,1,1,1,1
"action,Christoph Waltz,funny,good soundtrack,Great performances,Humour,Leonardo DiCaprio,Quentin Tarantino,Samuel L. Jackson,Soundtrack,western",1,1,1,1,0
"moving,philosopical,surreal,weird",1,1,1,1,0
"artistic,artsy,atmospheric,Beautiful,dreamlike,existentialism",1,1,1,1,0
"embarassing scenes,offensive,R language,sarcasm,satire",1,1,0,1,0
"animation,funny,stone age",1,1,1,1,1
animation,1,0,1,1,1
"illusions,overcomplicated,predictable,stupid ending",1,1,1,1,1
"Amy Adams,superhero",1,1,1,1,0
Adam Sandler,1,0,1,1,0
"cliche characters,long shots,predictable,Simple,slow action,visually appealing",1,1,1,1,0
"daniel radcliffe,zoe kazan",1,1,1,1,0
quirky,1,1,1,1,0
"absorbing,acting,atmospheric,Hugh Jackman,Jake Gyllenhaal,morality,mystery,thriller",1,1,1,1,0
"emotional,feel-good,heartwarming,mental illness,touching",1,1,1,1,0
"hostage,ocean,suspense,tense",1,1,1,1,0
"Jared Leto,social commentary,uplifting",1,1,1,1,1
"adventure,fantasy,Tolkien,too long",1,1,1,1,0
"atmospheric,cinematography,depressing,funny",1,1,1,1,0
"drugs,Leonardo DiCaprio,Martin Scorsese,Stock Market,Wall Street",1,1,1,1,1
"comedy,Steve Carell,stupid but funny,will ferrell",1,1,1,1,1
fatalistic,1,1,1,1,0
"anti-intellectual,bad writing,dystopia,new society,plot holes,predictable,scifi,unintelligent",1,1,1,1,1
"cheeky,clever,colorful,feel-good,fun,imaginative,quirky",1,1,1,1,0
"bad dialogue,black hole,Christopher Nolan,philosophical issues,sci-fi,thought-provoking,time-travel,visually appealing",1,1,1,1,1
Creature Feature,1,1,1,1,0
"Charlize Theron,Liam Neeson,Seth MacFarlane,witty",1,1,1,1,0
"adorable,black comedy,Eccentric,introspection,mental illness,quirky",1,1,1,1,0
"atmospheric,dark,Metaphorical,psychological",1,1,1,1,0
"inspirational,inspiring,intense,jazz,music,passion,psychological,suspense,tense",1,1,1,1,1
"annoying,Stupid ending",1,1,1,1,1
"funny,Great Visuals,humorous,unlikely hero",1,1,1,1,0
bittersweet,1,1,1,1,0
"action,dystopia,plot holes,post-apocalyptic,survival,thriller,unexplained,weak plot",1,1,1,1,1
"atmospheric,bizzare,eerie,symbolism",1,1,1,1,1
"action,dark hero,gun-fu,Keanu Reeves,killer,Revenge,secret society,stylish,widows/widowers",1,1,1,1,0
"animation,feel-good,fun family movie,kids,robots,very funny",1,1,1,1,1
"inspirational,intelligent",1,1,1,1,1
"black comedy,dark comedy,dark humor,ironic,multiple short stories,short stories",1,1,1,1,1
"philosophical,trippy",1,1,1,1,0
heartwarming,1,1,1,1,1
hope,1,1,1,1,0
painter,1,1,1,1,0
"bloody,bromance,comedy,funny,James Franco,Seth Rogen",1,1,1,1,0
slick,1,1,1,1,0
"action,murder,police",1,1,1,1,1
"beautiful,cinematography,visually appealing",1,1,1,1,0
"comic book,Dark,Dr. Strange,emotional,Great villain,Guardians of the Galaxy,Marvel,MCU,Robert Downey Jr.,Sad,Thanos,Thor,Visually appealing,Visually stunning",1,1,1,1,1
"awesome,humor,quirky,unconventional,white guilt",1,1,1,1,0
fun,1,1,1,1,0
visually appealing,1,1,1,1,1
"funny,high school",1,1,1,1,1
"depressing,understated",1,1,1,1,1
"characters,Dialogue,humor,Kurt Russell,Quentin Tarantino,Samuel L. Jackson,tension building,violent,Western",1,1,1,1,0
smart,1,1,1,1,0
"funny,ridiculous,silly",1,1,1,1,0
"dystopia,Jennifer Lawrence,love story,nonsense,politics,rebellion,revolution",1,1,1,1,0
"Ben Kingsley,ethics,immortality,ryan reynolds",1,1,1,1,1
"Bad story,Bad writing,Batman,Ben Affleck,comic book,dc comics,good soundtrack,Harley Quinn,Harley Quinn's ass,Horrible directing,Jared Leto,Joker,lack of plot,Margot Robbie,Poor story,poorly paced,superhero,visually appealing,Will Smith",1,1,1,1,1
"action,batman,ben affleck,dark,dc comics,Gal Gadot,superhero,superman,wonderwoman",1,1,1,1,1
"slick,stylish",1,1,1,1,0
"cinematography,leonardo DiCarpio,survival,tom hardy,visually appealing,Visually Striking",1,1,1,1,0
"atmospheric,tension",1,1,1,1,0
"moving,touching",1,1,1,1,0
Moving,1,1,1,1,0
"contemplative,philosophical,thought-provoking,tragic",1,1,1,1,0
"funny,interesting,Witty",1,1,1,1,0
"Existential,surreal",1,1,1,1,0
"creepy,suspense",1,1,1,1,0
"Cambodia,crime,human rights,murder,procedural",1,1,1,1,0
"suspense,thought-provoking",1,1,1,1,0
80's,1,1,1,1,0
"quirky,sweet,understated",1,1,1,1,0
"Crude humor,mindfuck,sarcasm,satire,Vulgar",1,1,1,1,0
"building a family,creative,freedom,good writing,individualism,Viggo Mortensen",1,1,1,1,1
intense,1,1,1,1,1
"beautiful visuals,Cerebral,cinematography,good cinematography,smart,thought-provoking,visually appealing",1,1,1,1,0
"Bittersweet,visually appealing",1,1,1,1,0
"funny,heartwarming",1,1,1,1,0
"action,dark hero,gun tactics,Heroic Bloodshed,hitman,Keanu Reeves,organized crime,secret society",1,1,1,1,0
"dark,emotional,gritty,heartbreaking,predictible plot",1,1,1,1,0
"paranoia,Suspenseful",1,1,1,1,0
"Dystopia,future,interesting,jon hamm,thought provoking",1,1,1,1,0
"brilliant,inspiring,tense",1,1,1,1,0
"atmospheric,beautiful,cinematography,dark,dreamlike,existentialism,moody,philosophical",1,1,1,1,0
"allegorical,uncomfortable,unsettling",1,1,1,1,1
"Action,Comedy,Dwayne Johnson,funny",1,1,1,1,0
"atmospheric,dreamlike",1,1,1,1,1
bad music,1,1,1,1,0
"Comedy,funny,Rachel McAdams",1,1,1,1,0
"adventure,Alicia Vikander,video game adaptation",1,1,1,1,1
"Josh Brolin,Ryan Reynolds,sarcasm",1,1,1,1,0
"Emilia Clarke,star wars",1,1,1,1,0
